{
  "project_info": {
    "project_number": "423356616829",
    "project_id": "simple-24b53",
    "storage_bucket": "simple-24b53.firebasestorage.app"
  },
  "client": [
    {
      "client_info": {
        "mobilesdk_app_id": "1:423356616829:android:7279c318eecb8c2da06114",
        "android_client_info": {
          "package_name": "com.example.flutter_application_2"
        }
      },
      "oauth_client": [],
      "api_key": [
        {
          "current_key": "AIzaSyBX4b-ctIVSAP5IOenMts5tjp9YUhfcWNk"
        }
      ],
      "services": {
        "appinvite_service": {
          "other_platform_oauth_client": []
        }
      }
    }
  ],
  "configuration_version": "1"
}