{"flutter":{"platforms":{"android":{"default":{"projectId":"simple-24b53","appId":"1:423356616829:android:7279c318eecb8c2da06114","fileOutput":"android/app/google-services.json"}},"dart":{"lib/firebase_options.dart":{"projectId":"simple-24b53","configurations":{"android":"1:423356616829:android:7279c318eecb8c2da06114","ios":"1:423356616829:ios:d512a46bbeb64624a06114","macos":"1:423356616829:ios:d512a46bbeb64624a06114","web":"1:423356616829:web:5ff331757645f428a06114","windows":"1:423356616829:web:71ac76ac19501d66a06114"}}}}}}